iteration,X,pred,CI_low,CI_high
1,0.0,-0.017209961034955604,-0.06610871738927102,0.031688795319359815
1,0.8163265306122449,0.09436513463832956,-0.14491438927796224,0.3336446585546214
1,1.6326530612244898,0.2295827724467141,-0.15280282295057818,0.6119683678440064
1,2.4489795918367347,0.3766023528182111,-0.09485429971759529,0.8480590053540175
1,3.2653061224489797,0.5284903486272684,0.015255847821613489,1.0417248494329234
1,4.081632653061225,0.6795040156291562,0.16894543135792828,1.1900625999003842
1,4.8979591836734695,0.823847462130982,0.3597962560003468,1.2878986682616174
1,5.714285714285714,0.9546266172970667,0.5823124223475846,1.3269408122465487
1,6.530612244897959,1.062143685665996,0.8313558433235725,1.2929315280084195
1,7.346938775510204,1.1278913305291578,1.079051143505857,1.1767315175524586
1,8.16326530612245,1.1185880486969264,0.9036130010467268,1.333563096347126
1,8.979591836734695,1.0663533903254845,0.7498240692497703,1.3828827114011988
1,9.795918367346939,0.988459458610039,0.6427707671324923,1.3341481500875858
1,10.612244897959183,0.8932338284005963,0.5858975717031187,1.2005700850980738
1,11.428571428571429,0.7860854326868453,0.5834699018865084,0.9887009634871822
1,12.244897959183675,0.6720985452420584,0.6242758886651499,0.7199212018189668
1,13.061224489795919,0.5558197591891956,0.5078974152109327,0.6037421031674585
1,13.877551020408163,0.4147789796561317,0.19731340820645651,0.6322445511058069
1,14.693877551020408,0.2600874029608492,-0.09981627106470281,0.6199910769864012
1,15.510204081632654,0.09868388611815859,-0.36179397276766323,0.5591617450039804
1,16.3265306122449,-0.06562780180969774,-0.5865260727785289,0.4552704691591334
1,17.142857142857142,-0.22981882866034214,-0.7719494486647234,0.312311791344039
1,17.95918367346939,-0.3909658389194016,-0.91535974518346,0.13342806734465673
1,18.775510204081634,-0.5457903483443082,-1.0128928057376092,-0.07868789095100714
1,19.591836734693878,-0.6901055289115504,-1.0587135851530611,-0.3214974726700398
1,20.408163265306122,-0.8177727216173649,-1.0430768113617381,-0.5924686318729917
1,21.224489795918366,-0.9169200762592186,-0.965638033732676,-0.8682021187857611
1,22.040816326530614,-0.9661293257726037,-1.1345105591409936,-0.7977480924042138
1,22.857142857142858,-0.9843820570269218,-1.150959316683006,-0.8178047973708376
1,23.6734693877551,-0.9799361514830939,-1.0284080644981788,-0.931464238468009
1,24.48979591836735,-0.953153063788854,-1.118068596007444,-0.7882375315702642
1,25.306122448979593,-0.913630727411002,-1.0785203934733747,-0.7487410613486294
1,26.122448979591837,-0.869817880265581,-0.9182718530933124,-0.8213639074378497
1,26.93877551020408,-0.8319065237041372,-0.996794216496495,-0.6670188309117794
1,27.755102040816325,-0.7831862048917201,-0.9480962950053162,-0.6182761147781239
1,28.571428571428573,-0.7035179218216283,-0.7519870012322792,-0.6550488424109774
1,29.387755102040817,-0.5621348590522341,-0.7284665920252383,-0.39580312607922996
1,30.20408163265306,-0.391500118843677,-0.5593905530285286,-0.22360968465882552
1,31.02040816326531,-0.21341000376516817,-0.262105227467317,-0.1647147800630193
1,31.836734693877553,-0.04624538228536787,-0.2649410556685915,0.17245029109785576
1,32.6530612244898,0.11490859275652164,-0.231829460423294,0.4616466459363373
1,33.46938775510204,0.27144128674208945,-0.14966483271433045,0.6925474061985093
1,34.285714285714285,0.4223571504090541,-0.02258370394076803,0.8672980047588762
1,35.10204081632653,0.5656028945143472,0.14640160629892168,0.9848041827297727
1,35.91836734693878,0.6979485014122753,0.35454178504598005,1.0413552177785705
1,36.734693877551024,0.8141614179062302,0.59878541710764,1.0295374187048203
1,37.55102040816327,0.9035160967241187,0.854949214274871,0.9520829791733664
1,38.36734693877551,0.9462150097043815,0.8170330798366416,1.0753969395721215
1,39.183673469387756,0.9602093141508281,0.9115698572818475,1.0088487710198089
1,40.0,0.9534509486913939,0.7183290651625606,1.1885728322202271
2,0.0,-0.017181404812793136,-0.06453717482784756,0.030174365202261286
2,0.8163265306122449,0.09522390213053696,-0.132048254061154,0.3224960583222279
2,1.6326530612244898,0.23080796227567282,-0.13228769976811824,0.5939036243194639
2,2.4489795918367347,0.37793544846861715,-0.0697346382944522,0.8256055352316864
2,3.2653061224489797,0.5297486346995721,0.04242219442996181,1.0170750749691824
2,4.081632653061225,0.6805423368147061,0.19579815668176687,1.1652865169476454
2,4.8979591836734695,0.82455099043591,0.3840237486242652,1.2650782322475547
2,5.714285714285714,0.9549295550438539,0.6015372965914569,1.3083218134962509
2,6.530612244897959,1.0620901849406175,0.8429771934841491,1.281203176397086
2,7.346938775510204,1.1278446986908024,1.0805485606862129,1.175140836695392
2,8.16326530612245,1.1195926859098804,0.9155821969828807,1.32360317483688
2,8.979591836734695,1.068548049990927,0.7683249190741119,1.368771180907742
2,9.795918367346939,0.9914318328786049,0.6635854493234357,1.3192782164337742
2,10.612244897959183,0.8962256575981151,0.604721474110569,1.1877298410856612
2,11.428571428571429,0.7881135701918861,0.5957514622690989,0.9804756781146733
2,12.244897959183675,0.6727248542786749,0.6265049153801013,0.7189447931772485
2,13.061224489795919,0.5545640993893264,0.5084088936910117,0.600719305087641
2,13.877551020408163,0.38946866834834026,0.2051924325996651,0.5737449040970154
2,14.693877551020408,0.20117293821283702,-0.06195741232765159,0.4643032887533256
2,15.510204081632654,0.005058727864359126,-0.2612618331328239,0.27137928886154217
2,16.3265306122449,-0.18877916831720082,-0.3797461681424228,0.002187831508021182
2,17.142857142857142,-0.36817943730637964,-0.4153790581315138,-0.32097981648124546
2,17.95918367346939,-0.5151242828651154,-0.7068685773811119,-0.3233799883491189
2,18.775510204081634,-0.6412221733364704,-0.910036146619086,-0.3724082000538546
2,19.591836734693878,-0.7511812458496462,-1.0187998692253706,-0.48356262247392173
2,20.408163265306122,-0.844805772897856,-1.0340742788167618,-0.6555372669789501
2,21.224489795918366,-0.9176913372588265,-0.964766425656337,-0.8706162488613159
2,22.040816326530614,-0.959908197494958,-1.1180384936338381,-0.801777901356078
2,22.857142857142858,-0.9800350935032657,-1.1373132642627295,-0.8227569227438019
2,23.6734693877551,-0.9796726181022913,-1.0265871065126346,-0.932758129691948
2,24.48979591836735,-0.9538920673022991,-1.1104037664901223,-0.797380368114476
2,25.306122448979593,-0.9141482275827283,-1.0706478234340373,-0.7576486317314193
2,26.122448979591837,-0.869883100233464,-0.916789270134034,-0.8229769303328941
2,26.93877551020408,-0.8318463067044936,-0.988351335973103,-0.6753412774358841
2,27.755102040816325,-0.78310012005326,-0.939625910874605,-0.626574329231915
2,28.571428571428573,-0.7034247585576447,-0.7503462123578376,-0.6565033047574519
2,29.387755102040817,-0.5621239418004819,-0.7199967815239852,-0.4042511020769786
2,30.20408163265306,-0.3915404249778215,-0.5508718910700114,-0.2322089588856316
2,31.02040816326531,-0.21344689983398474,-0.2605967901846679,-0.16629700948330153
2,31.836734693877553,-0.04626037353462114,-0.2538867723126851,0.16136602524344282
2,32.6530612244898,0.11494030585835374,-0.21408153366833593,0.4439621453850434
2,33.46938775510204,0.2715324974437577,-0.12805123627204112,0.6711162311595564
2,34.285714285714285,0.4224984648710214,0.0002890666204024006,0.8447078631216404
2,35.10204081632653,0.5657616373141016,0.16797301803513387,0.9635502565930693
2,35.91836734693878,0.6980743459369709,0.3721883583764355,1.0239603334975063
2,36.734693877551024,0.8142020223441141,0.6096879086783064,1.018716136009922
2,37.55102040816327,0.9034616446371638,0.8564407238227552,0.9504825654515725
2,38.36734693877551,0.9461774218784667,0.8235238671385152,1.068830976618418
2,39.183673469387756,0.9602070437036646,0.9131119459056811,1.007302141501648
2,40.0,0.95351905444403,0.7299715726347555,1.1770665362533044
3,0.0,-0.01632094556335533,-0.06297969604880663,0.030337804922095965
3,0.8163265306122449,0.13065358779651076,-0.04490273686276641,0.30620991245578794
3,1.6326530612244898,0.30502516955036746,0.08413788976074185,0.525912449339993
3,2.4489795918367347,0.486675669649039,0.3140851288786139,0.6592662104194642
3,3.2653061224489797,0.6586082149545907,0.6120648762469427,0.7051515536622386
3,4.081632653061225,0.7991007170230284,0.6165635201844742,0.9816379138615826
3,4.8979591836734695,0.9174135739536384,0.6601522857236546,1.1746748621836223
3,5.714285714285714,1.0155581748185227,0.7574882815563518,1.2736280680806935
3,6.530612244897959,1.089666834316716,0.905484256347526,1.2738494122859059
3,7.346938775510204,1.1284168676476038,1.0818168990236792,1.1750168362715285
3,8.16326530612245,1.1094941862683252,0.9185783242918526,1.3004100482447978
3,8.979591836734695,1.056040245001697,0.7739742295050407,1.3381062604983534
3,9.795918367346939,0.9805181795207953,0.6710414802379158,1.2899948788036748
3,10.612244897959183,0.8888900707242312,0.6125640718402952,1.1652160696081673
3,11.428571428571429,0.7849107259273995,0.6016883922538696,0.9681330596009294
3,12.244897959183675,0.6726335408019413,0.6271045567764575,0.718162524827425
3,13.061224489795919,0.5544854560841119,0.509019617203531,0.5999512949646929
3,13.877551020408163,0.3895339983790026,0.2135611764677316,0.5655068202902735
3,14.693877551020408,0.20139081090386268,-0.049421546609823064,0.45220316841754843
3,15.510204081632654,0.00531085655541081,-0.2484554069283888,0.2590771200392104
3,16.3265306122449,-0.18858320916684188,-0.3706940684446378,-0.006472349889045936
3,17.142857142857142,-0.3680968422128537,-0.41466425789982575,-0.3215294265258817
3,17.95918367346939,-0.515219358249236,-0.6980536315543788,-0.33238508494409325
3,18.775510204081634,-0.6414384452010252,-0.8975134738291325,-0.38536341657291795
3,19.591836734693878,-0.751403500388387,-1.0063517217202858,-0.49645527905648823
3,20.408163265306122,-0.844915370965434,-1.025429413569629,-0.6644013283612391
3,21.224489795918366,-0.9176504822404585,-0.9640859139626681,-0.871215050518249
3,22.040816326530614,-0.9598897592971677,-1.1106713275900812,-0.8091081910042541
3,22.857142857142858,-0.9800236480839736,-1.1300170288593756,-0.8300302673085715
3,23.6734693877551,-0.9796368044172586,-1.0259021380670734,-0.9333714707674439
3,24.48979591836735,-0.9539501456465463,-1.103218241336683,-0.8046820499564098
3,25.306122448979593,-0.9142556397761541,-1.0635129486731703,-0.7649983308791378
3,26.122448979591837,-0.8699621125145212,-0.9162186689663905,-0.8237055560626518
3,26.93877551020408,-0.8318862733968256,-0.9811485425189662,-0.6826240042746851
3,27.755102040816325,-0.7830380939484146,-0.9323188911270619,-0.6337572967697673
3,28.571428571428573,-0.7032603069555866,-0.7495330414988681,-0.6569875724123051
3,29.387755102040817,-0.5620791488650083,-0.7126392830239761,-0.4115190147060406
3,30.20408163265306,-0.391609094699858,-0.5435242019360738,-0.2396939874636422
3,31.02040816326531,-0.21349693203542217,-0.26001183428811137,-0.16698202978273297
3,31.836734693877553,-0.04603786041286687,-0.24412530808878985,0.15204958726305612
3,32.6530612244898,0.11549737631769791,-0.1981088686796013,0.42910362131499713
3,33.46938775510204,0.27236423060731274,-0.10847579795879814,0.6532042591734236
3,34.285714285714285,0.4234719080508227,0.021055539444522764,0.8258882766571226
3,35.10204081632653,0.5667001121771302,0.1875489012292671,0.9458513231249934
3,35.91836734693878,0.6987894250731469,0.38812738702480587,1.009451463121488
3,36.734693877551024,0.8145352195770347,0.6193487518493451,1.0097216873047243
3,37.55102040816327,0.9033352824424122,0.8569559380280166,0.9497146268568079
3,38.36734693877551,0.945695939844231,0.8286533462831032,1.0627385334053587
3,39.183673469387756,0.9603062517060574,0.9138467287028104,1.0067657747093044
3,40.0,0.9565497659980416,0.742742677693248,1.1703568543028353
4,0.0,-0.016207704373446402,-0.06154046299164957,0.029125054244756768
4,0.8163265306122449,0.13073377477393258,-0.03599930927809458,0.29746685882595975
4,1.6326530612244898,0.305055541987112,0.09539329890208081,0.5147177850721432
4,2.4489795918367347,0.48664964087817464,0.32273574747453737,0.6505635342818119
4,3.2653061224489797,0.6585580393227667,0.6133436275565983,0.703772451088935
4,4.081632653061225,0.7991817769766921,0.6258219975357913,0.972541556417593
4,4.8979591836734695,0.9175917241269246,0.6734452892440754,1.1617381590097737
4,5.714285714285714,1.0157165241516117,0.770806330635132,1.2606267176680914
4,6.530612244897959,1.0896975930921533,0.9147892930504574,1.264605893133849
4,7.346938775510204,1.1283504734688479,1.0830784890063119,1.1736224579313839
4,8.16326530612245,1.109693613188875,0.9283657295323694,1.2910214968453808
4,8.979591836734695,1.0565186231573822,0.7887802582049284,1.324256988109836
4,9.795918367346939,0.9811304885216732,0.6873597761900254,1.274901200853321
4,10.612244897959183,0.8894542855153772,0.6270682599006492,1.1518403111301052
4,11.428571428571429,0.7852668807008568,0.6110652034126327,0.9594685579890809
4,12.244897959183675,0.6727055199005385,0.6285204740678161,0.7168905657332609
4,13.061224489795919,0.5543765929740773,0.5102557825683441,0.5984974033798104
4,13.877551020408163,0.38945315357147536,0.22216169734125665,0.556744609801694
4,14.693877551020408,0.2013783159068515,-0.03675196741539308,0.43950859922909613
4,15.510204081632654,0.005349323690264626,-0.23552738111394073,0.24622602849446995
4,16.3265306122449,-0.18851795146704378,-0.36147850435513457,-0.015557398578952997
4,17.142857142857142,-0.36804185325538097,-0.41328067408404034,-0.3228030324267216
4,17.95918367346939,-0.5152650429390407,-0.6889004664432002,-0.34162961943488124
4,18.775510204081634,-0.6415658817422765,-0.8845887334288114,-0.39854303005574154
4,19.591836734693878,-0.7515407255783244,-0.9935024830498785,-0.5095789681067703
4,20.408163265306122,-0.8449833863598577,-1.016442915201508,-0.6735238575182074
4,21.224489795918366,-0.9176222491245063,-0.9627265858298943,-0.8725179124191182
4,22.040816326530614,-0.9598778775907211,-1.1030757045614294,-0.8166800506200128
4,22.857142857142858,-0.9800158717634964,-1.122481442203316,-0.8375503013236768
4,23.6734693877551,-0.9796126313359337,-1.0245437342235677,-0.9346815284482997
4,24.48979591836735,-0.9539940768917223,-1.0957745240641066,-0.8122136297193382
4,25.306122448979593,-0.9143354510575121,-1.0561059240337654,-0.7725649780812589
4,26.122448979591837,-0.8700179058607157,-0.9149400497281839,-0.8250957619932475
4,26.93877551020408,-0.8318994486215736,-0.9736668707350185,-0.6901320265081288
4,27.755102040816325,-0.7829709779081014,-0.9247440891676918,-0.6411978666485111
4,28.571428571428573,-0.7031554501932662,-0.7480825469624356,-0.6582283534240968
4,29.387755102040817,-0.5622040704742604,-0.7043665340968467,-0.420041606851674
4,30.20408163265306,-0.39187847438183765,-0.5344628017238899,-0.2492941470397853
4,31.02040816326531,-0.2134960669328221,-0.25853624549149995,-0.16845588837414427
4,31.836734693877553,-0.04489448787234887,-0.20494270749109983,0.11515373174640209
4,32.6530612244898,0.11806175063219665,-0.08558985980932363,0.32171336107371695
4,33.46938775510204,0.27620002039641633,0.1152981672844754,0.4371018735083573
4,34.285714285714285,0.42797310589757087,0.38283825909112584,0.4731079527040159
4,35.10204081632653,0.5705835597491633,0.41011100367476083,0.7310561158235658
4,35.91836734693878,0.7014194455620134,0.4989989803867322,0.9038399107372946
4,36.734693877551024,0.8157136217334806,0.6572901500516335,0.9741370934153277
4,37.55102040816327,0.9032898830030317,0.8584312978874603,0.9481484681186031
4,38.36734693877551,0.9452887766853348,0.8347387760765884,1.0558387772940812
4,39.183673469387756,0.9603544642847971,0.915246443775144,1.0054624847944502
4,40.0,0.9582852903676469,0.7548267203320729,1.1617438604032209
5,0.0,-0.015884474455156672,-0.061860467332539866,0.030091518422226522
5,0.8163265306122449,0.13120848515122824,-0.027885193185084284,0.2903021634875408
5,1.6326530612244898,0.30548366296262375,0.10578648905985313,0.5051808368653944
5,2.4489795918367347,0.4868620946026554,0.33048595376059686,0.6432382354447139
5,3.2653061224489797,0.6583731841473921,0.6125409521240603,0.7042054161707239
5,4.081632653061225,0.7984614883365222,0.6337189948602944,0.96320398181275
5,4.8979591836734695,0.9162344724188118,0.685760312685101,1.1467086321525226
5,5.714285714285714,1.0138217137117782,0.7839630809376585,1.2436803464858979
5,6.530612244897959,1.0878409866437206,0.924353545869553,1.2513284274178884
5,7.346938775510204,1.1283870998588015,1.082678738895188,1.174095460822415
5,8.16326530612245,1.1160706596089942,0.9794351984016189,1.2527061208163697
5,8.979591836734695,1.0696929562808237,0.9337205429512727,1.2056653696103747
5,9.795918367346939,0.9980137995730181,0.9525161508501715,1.0435114482958647
5,10.612244897959183,0.9026108540354922,0.768202286870137,1.0370194212008474
5,11.428571428571429,0.7917439689878112,0.6583025534287756,0.9251853845468467
5,12.244897959183675,0.673274043452175,0.6290898225566219,0.7174582643477281
5,13.061224489795919,0.5539196246227855,0.5093993039856254,0.5984399452599457
5,13.877551020408163,0.3888347449731877,0.22884791754898082,0.5488215723973946
5,14.693877551020408,0.20084411524324727,-0.026070592699116324,0.42775882318561087
5,15.510204081632654,0.005040763436925222,-0.22437346581494497,0.2344549926887954
5,16.3265306122449,-0.18855189435277495,-0.3535947518980397,-0.023509036807510236
5,17.142857142857142,-0.36789303761245784,-0.413757988022853,-0.32202808720206266
5,17.95918367346939,-0.5153161633307791,-0.6809977963860144,-0.3496345302755438
5,18.775510204081634,-0.6418282158039641,-0.8732423514600283,-0.41041408014789993
5,19.591836734693878,-0.7518465334134423,-0.9822751051512144,-0.5214179616756702
5,20.408163265306122,-0.845132418186373,-1.008817653369979,-0.681447183002767
5,21.224489795918366,-0.9175400973267234,-0.9632503835027739,-0.8718298111506728
5,22.040816326530614,-0.9598413998890689,-1.0964983944286333,-0.8231844053495044
5,22.857142857142858,-0.9799888726962578,-1.115992135365457,-0.8439856100270587
5,23.6734693877551,-0.9795431689772549,-1.0250542049957148,-0.9340321329587951
5,24.48979591836735,-0.954104638008745,-1.089465923689917,-0.8187433523275731
5,25.306122448979593,-0.914547734626012,-1.049900840358623,-0.7791946288934011
5,26.122448979591837,-0.8701841817658289,-0.9156850234931594,-0.8246833400384984
5,26.93877551020408,-0.8319826117943625,-0.9673330728097899,-0.6966321507789351
5,27.755102040816325,-0.7828479126461654,-0.9182030324722658,-0.647492792820065
5,28.571428571428573,-0.7028166438534554,-0.7483231058979318,-0.657310181808979
5,29.387755102040817,-0.5620274548666173,-0.6977459431443179,-0.4263089665889167
5,30.20408163265306,-0.39189558012435144,-0.5279886585435141,-0.2558025017051888
5,31.02040816326531,-0.21361463626210633,-0.2592510253359398,-0.16797824718827284
5,31.836734693877553,-0.04499771458683782,-0.19777362446818,0.10777819529450436
5,32.6530612244898,0.11800867737510343,-0.0759660411502314,0.3119833959004382
5,33.46938775510204,0.27618084191362635,0.12263177261356276,0.42972991121369
5,34.285714285714285,0.4279813019452845,0.38223596893357065,0.47372663495699835
5,35.10204081632653,0.5707142658669088,0.4175639037280984,0.7238646280057192
5,35.91836734693878,0.7015815308719887,0.5087358560554733,0.8944272056885041
5,36.734693877551024,0.815742134606055,0.6644258459124208,0.9670584232996893
5,37.55102040816327,0.9030209197032211,0.8575915789980386,0.9484502604084035
5,38.36734693877551,0.9446528834725116,0.8389632765236316,1.0503424904213916
5,39.183673469387756,0.9605330411920167,0.9148129459686256,1.0062531364154077
5,40.0,0.9624425585933689,0.7672518814447363,1.1576332357420014
6,0.0,-0.01573569898434944,-0.06168290304867986,0.03021150507998098
6,0.8163265306122449,0.1320658780296184,-0.020981177665489043,0.2851129337247258
6,1.6326530612244898,0.3062494711009939,0.11436342023253498,0.49813552196945277
6,2.4489795918367347,0.48720053491189247,0.3367531049741559,0.637647964849629
6,3.2653061224489797,0.6582839984358051,0.6124939142818747,0.7040740825897355
6,4.081632653061225,0.7983888973841964,0.6398920464574382,0.9568857483109545
6,4.8979591836734695,0.9162710867977522,0.6948713091823712,1.137670864413133
6,5.714285714285714,1.0138902194943171,0.7930687864833987,1.2347116525052355
6,6.530612244897959,1.0878243528708627,0.9304959115548761,1.2451527941868492
6,7.346938775510204,1.1282419383325597,1.0825861424754968,1.1738977341896226
6,8.16326530612245,1.11598215273053,0.9845180788233132,1.2474462266377468
6,8.979591836734695,1.0696496644764764,0.9387923107521814,1.2005070182007713
6,9.795918367346939,0.99800225881014,0.9525736469828744,1.0434308706374056
6,10.612244897959183,0.9027942219125364,0.7733846615331295,1.0322037822919434
6,11.428571428571429,0.7920398434114861,0.6634587872447186,0.9206208995782537
6,12.244897959183675,0.6734584545742908,0.6294382636245183,0.7174786455240633
6,13.061224489795919,0.5535589350034158,0.5091896591190025,0.5979282108878291
6,13.877551020408163,0.3866510394624703,0.23320756277053664,0.540094516154404
6,14.693877551020408,0.19670027110832133,-0.019164289500944093,0.41256483171758673
6,15.510204081632654,-0.00022494449112110682,-0.2167518684612979,0.21630197947905572
6,16.3265306122449,-0.19296596087198586,-0.34770033036816506,-0.038231591375806645
6,17.142857142857142,-0.3670035954980952,-0.41238226747088225,-0.32162492352530814
6,17.95918367346939,-0.5000490741088881,-0.6006076871256774,-0.3994904610920988
6,18.775510204081634,-0.6150588104854648,-0.6601897211764275,-0.5699278997945022
6,19.591836734693878,-0.7298271040828042,-0.8591976250842778,-0.6004565830813305
6,20.408163265306122,-0.8342011979870876,-0.9640145930917192,-0.704387802882456
6,21.224489795918366,-0.916918798297971,-0.9623427860665184,-0.8714948105294236
6,22.040816326530614,-0.9620530728097947,-1.0923037311497383,-0.8318024144698511
6,22.857142857142858,-0.9815680413208847,-1.111824280290821,-0.8513118023509486
6,23.6734693877551,-0.979626272172418,-1.0250576303104717,-0.9341949140343644
6,24.48979591836735,-0.9539651504896456,-1.084226359208542,-0.8237039417707492
6,25.306122448979593,-0.9145525655410593,-1.044813930463276,-0.7842912006188427
6,26.122448979591837,-0.870295939281954,-0.9157274012835157,-0.8248644772803924
6,26.93877551020408,-0.8320876362952498,-0.9623525712573043,-0.7018227013331954
6,27.755102040816325,-0.7828010522563398,-0.9130701151209736,-0.652531989391706
6,28.571428571428573,-0.7025903722787925,-0.7480279150670559,-0.6571528294905291
6,29.387755102040817,-0.5619168932147751,-0.6925300125812068,-0.4313037738483434
6,30.20408163265306,-0.3919187093964125,-0.5228739492118393,-0.26096346958098565
6,31.02040816326531,-0.21370417833972288,-0.25928209120940043,-0.16812626547004533
6,31.836734693877553,-0.04511710653531015,-0.19213104571017775,0.10189683263955746
6,32.6530612244898,0.1179059626405024,-0.06846997656377124,0.30428190184477605
6,33.46938775510204,0.2761256788664266,0.12839533394043526,0.42385602379241794
6,34.285714285714285,0.42797832051653195,0.3822825664352587,0.4736740745978052
6,35.10204081632653,0.5707462689421906,0.42339185599112517,0.718100681893256
6,35.91836734693878,0.7015963706638315,0.5162757221254373,0.8869170192022258
6,36.734693877551024,0.8156787307455582,0.670009208784444,0.9613482527066723
6,37.55102040816327,0.9028634309298282,0.8575081962571264,0.9482186656025301
6,38.36734693877551,0.9445242331496455,0.8427113865400302,1.0463370797592608
6,39.183673469387756,0.9605719529193939,0.9148998226357923,1.0062440832029955
6,40.0,0.9629852305623128,0.7745744696493162,1.1513959914753094
7,0.0,-0.015345005766761982,-0.06094020942379367,0.030250197890269705
7,0.8163265306122449,0.1436365069619439,-0.013182316512153597,0.30045533043604145
7,1.6326530612244898,0.32779160782846856,0.13239980734548482,0.5231834083114523
7,2.4489795918367347,0.508790373491089,0.35708528952664803,0.66049545745553
7,3.2653061224489797,0.6541837913701927,0.6091598874249805,0.6992076953154048
7,4.081632653061225,0.7139306552954303,0.6105300849406281,0.8173312256502325
7,4.8979591836734695,0.7665435413119974,0.7216947706166059,0.8113923120073889
7,5.714285714285714,0.8902964875407644,0.7569235589106271,1.0236694161709017
7,6.530612244897959,1.026635823712099,0.8927728388462803,1.1604988085779175
7,7.346938775510204,1.1254613724803537,1.0803365103635088,1.1705862345971987
7,8.16326530612245,1.128590237558336,0.9942756560975478,1.2629048190191243
7,8.979591836734695,1.07853777547607,0.9442303765014823,1.2128451744506579
7,9.795918367346939,0.9986587376435287,0.953540115984686,1.0437773593023714
7,10.612244897959183,0.901322513592939,0.7679299035340025,1.0347151236518757
7,11.428571428571429,0.7909189307344848,0.6584804020375803,0.9233574594313894
7,12.244897959183675,0.6732441187993712,0.6294178549210238,0.7170703826777186
7,13.061224489795919,0.5538222094938257,0.5096739742650414,0.59797044472261
7,13.877551020408163,0.3870410181117948,0.22902923660677177,0.5450527996168179
7,14.693877551020408,0.19705239144334327,-0.025792828284224995,0.4198976111709115
7,15.510204081632654,-1.4058790076404426e-05,-0.22360237946362163,0.22357426188346882
7,16.3265306122449,-0.19296148640437127,-0.3524584743839827,-0.03346449842475982
7,17.142857142857142,-0.36716521880521896,-0.41224806083244,-0.32208237677799795
7,17.95918367346939,-0.500089272681032,-0.6036768802991453,-0.3965016650629186
7,18.775510204081634,-0.6149620916612246,-0.6598178517889459,-0.5701063315335033
7,19.591836734693878,-0.7296857486867476,-0.8630588471366247,-0.5963126502368705
7,20.408163265306122,-0.8341520811898513,-0.968015221135544,-0.7002889412441586
7,21.224489795918366,-0.9170160293368048,-0.962141030660475,-0.8718910280131347
7,22.040816326530614,-0.962089584649739,-1.0964166503349166,-0.8277625189645614
7,22.857142857142858,-0.9815785263026326,-1.1159121027851553,-0.8472449498201101
7,23.6734693877551,-0.9796592951275651,-1.0247911898555764,-0.9345274003995538
7,24.48979591836735,-0.9538641576990237,-1.088203288188949,-0.8195250272090984
7,25.306122448979593,-0.9143847770871272,-1.0487240929544737,-0.7800454612197807
7,26.122448979591837,-0.8701732882233726,-0.915305285825977,-0.8250412906207681
7,26.93877551020408,-0.8320186106535068,-0.9663618906276223,-0.6976753306793912
7,27.755102040816325,-0.7828771690708769,-0.917225227835848,-0.6485291103059058
7,28.571428571428573,-0.702823462326537,-0.7479610932089926,-0.6576858314440814
7,29.387755102040817,-0.562029361916506,-0.696738357230649,-0.42732036660236294
7,30.20408163265306,-0.39189612736514307,-0.5269772621537987,-0.2568149925764875
7,31.02040816326531,-0.2136139839385468,-0.25888030759734953,-0.16834766027974407
7,31.836734693877553,-0.04500190849237795,-0.19664169922938565,0.10663788224462975
7,32.6530612244898,0.11800186538014061,-0.07453545969387305,0.3105391904541543
7,33.46938775510204,0.2761761746880682,0.12376847428415055,0.42858387509198587
7,34.285714285714285,0.4279804522258816,0.38260622479880185,0.47335467965296135
7,35.10204081632653,0.5707101134029202,0.41869829199302233,0.7227219348128181
7,35.91836734693878,0.7015750907201954,0.5101589723573454,0.8929912090830454
7,36.734693877551024,0.8157378088130531,0.6655478751382246,0.9659277424878817
7,37.55102040816327,0.9030270808770144,0.8579658502273799,0.948088311526649
7,38.36734693877551,0.9446851075796094,0.8397834290999143,1.0495867860593044
7,39.183673469387756,0.9605228133709414,0.9151736448946969,1.0058719818471857
7,40.0,0.9622061080453568,0.7684779348480962,1.1559342812426174
8,0.0,-0.01568190798040278,-0.06000671259939706,0.028642896638591493
8,0.8163265306122449,0.14289324830278066,-0.01920840148958075,0.3049948980951421
8,1.6326530612244898,0.32740038982558434,0.12513514027352993,0.5296656393776388
8,2.4489795918367347,0.509019829765649,0.35236850132613906,0.6656711582051589
8,3.2653061224489797,0.6548175596953841,0.6109805701180713,0.698654549272697
8,4.081632653061225,0.7139045666499231,0.6072393195755548,0.8205698137242914
8,4.8979591836734695,0.765834648425332,0.722147425048748,0.809521871801916
8,5.714285714285714,0.8896888815071455,0.7519429183937868,1.0274348446205044
8,6.530612244897959,1.0265806110981683,0.8882769379543936,1.1648842842419431
8,7.346938775510204,1.1260052131084735,1.082080644499352,1.1699297817175949
8,8.16326530612245,1.129014918808056,0.9902274184718471,1.267802419144265
8,8.979591836734695,1.0787681602512134,0.939990141794093,1.2175461787083337
8,9.795918367346939,0.9984903068509792,0.9545719410355282,1.0424086726664301
8,10.612244897959183,0.899573630009455,0.7618339063917238,1.0373133536271864
8,11.428571428571429,0.7885662931187634,0.6519953900289783,0.9251371962085484
8,12.244897959183675,0.6717229956451455,0.628967997371681,0.71447799391861
8,13.061224489795919,0.55782660976825,0.5150801904010385,0.6005730291354616
8,13.877551020408163,0.4491957567108883,0.3131192614095032,0.5852722520122734
8,14.693877551020408,0.3253895334471115,0.18870687642836922,0.4620721904658538
8,15.510204081632654,0.15683574057143743,0.11318467050373386,0.20048681063914098
8,16.3265306122449,-0.1060371313982669,-0.21184912313799306,-0.00022513965854073503
8,17.142857142857142,-0.3627927010605808,-0.40616721475707485,-0.3194181873640868
8,17.95918367346939,-0.5103955787891394,-0.6162219087016092,-0.4045692488766697
8,18.775510204081634,-0.6159039676358327,-0.6595691934836314,-0.5722387417880339
8,19.591836734693878,-0.7284364589496516,-0.8661746739103171,-0.5906982439889861
8,20.408163265306122,-0.8334475199502858,-0.9717485323229307,-0.6951465075776408
8,21.224489795918366,-0.9171414907447397,-0.9610661916537362,-0.8732167898357432
8,22.040816326530614,-0.9623354178311587,-1.1011375932118042,-0.8235332424505132
8,22.857142857142858,-0.9817403407762921,-1.120550586624141,-0.8429300949284434
8,23.6734693877551,-0.9797240084634389,-1.023654783464467,-0.9357932334624108
8,24.48979591836735,-0.9537117112879445,-1.0925285383465326,-0.8148948842293564
8,25.306122448979593,-0.91414312715052,-1.0529601862858127,-0.7753260680152274
8,26.122448979591837,-0.8700026267559071,-0.9139335040568088,-0.8260717494550054
8,26.93877551020408,-0.8319221106104547,-0.9707436966046852,-0.6931005246162243
8,27.755102040816325,-0.7829868913015687,-0.9218142444151232,-0.6441595381880143
8,28.571428571428573,-0.7031610030534979,-0.7470967740583624,-0.6592252320486335
8,29.387755102040817,-0.5621897976441044,-0.7013987777794362,-0.42298081750877264
8,30.20408163265306,-0.39186241347279993,-0.5314851012329409,-0.252239725712659
8,31.02040816326531,-0.2134890734242679,-0.2575351253438697,-0.16944302150466614
8,31.836734693877553,-0.044863213519260564,-0.20158666629605168,0.11186023925753055
8,32.6530612244898,0.11810444184654564,-0.08132560484498458,0.31753448853807587
8,33.46938775510204,0.27622771385239486,0.11866746976283923,0.43378795794195046
8,34.285714285714285,0.4279775672150242,0.38383919743725586,0.4721159369927926
8,35.10204081632653,0.5706056240321338,0.41346598688173153,0.727745261182536
8,35.91836734693878,0.7014585055049098,0.5032350014492506,0.8996820095605691
8,36.734693877551024,0.8157508013216868,0.6606203017378404,0.9708813009055332
8,37.55102040816327,0.9032775007247896,0.8594085704439136,0.9471464310056656
8,38.36734693877551,0.9451199640940473,0.8368699266329764,1.0533700015551182
8,39.183673469387756,0.9604025042771361,0.9162904031956643,1.004514605358608
8,40.0,0.9595616155636583,0.7603520059636106,1.158771225163706
9,0.0,-0.01588050837171459,-0.05885886076298734,0.027097844019558157
9,0.8163265306122449,0.1365506777873534,0.0324955714463151,0.24060578412839168
9,1.6326530612244898,0.31703840392810445,0.2747307179607405,0.3593460898954684
9,2.4489795918367347,0.5028930418969547,0.40084316971755407,0.6049429140763554
9,3.2653061224489797,0.6544080981076922,0.6121506741874023,0.696665522027982
9,4.081632653061225,0.7146091142726679,0.6121165631391947,0.8171016654061412
9,4.8979591836734695,0.7659824902207474,0.723425670515843,0.8085393099256518
9,5.714285714285714,0.8896758955331827,0.7562986110892913,1.0230531799770741
9,6.530612244897959,1.0265376712110168,0.8926211060965403,1.1604542363254933
9,7.346938775510204,1.1259472662088597,1.083134294525402,1.1687602378923172
9,8.16326530612245,1.128996024328392,0.9946099452542025,1.2633821034025816
9,8.979591836734695,1.0787728801832812,0.9443956774113508,1.2131500829552115
9,9.795918367346939,0.9984951322166702,0.9556882280406943,1.0413020363926462
9,10.612244897959183,0.8995955282171374,0.7662159834035194,1.0329750730307554
9,11.428571428571429,0.7885889439629442,0.6563238519454574,0.920854035980431
9,12.244897959183675,0.6717319559892516,0.6300732829207721,0.7133906290577311
9,13.061224489795919,0.5578382526083879,0.5161880225323321,0.5994884826844438
9,13.877551020408163,0.44918044620223785,0.3173921938167825,0.5809686985876932
9,14.693877551020408,0.32533101591737645,0.1929676742428882,0.4576943575918647
9,15.510204081632654,0.1567583422556425,0.11421545663520882,0.19930122787607618
9,16.3265306122449,-0.10602797114875004,-0.20850857538258344,-0.003547366914916625
9,17.142857142857142,-0.362705164894227,-0.4049747967826961,-0.3204355330057579
9,17.95918367346939,-0.5103558228257765,-0.6128500524405516,-0.4078615932110015
9,18.775510204081634,-0.6159308585135164,-0.6584876479797453,-0.5733740690472874
9,19.591836734693878,-0.7284761013793353,-0.861853632117912,-0.5950985706407586
9,20.408163265306122,-0.8334643754927693,-0.96738140253807,-0.6995473484474686
9,21.224489795918366,-0.9171262156163484,-0.959939330389924,-0.8743131008427729
9,22.040816326530614,-0.9623268362411179,-1.0967271282516058,-0.82792654423063
9,22.857142857142858,-0.9817364749254578,-1.1161444502694193,-0.8473284995814963
9,23.6734693877551,-0.9797180496701794,-1.0225371514274761,-0.9368989479128826
9,24.48979591836735,-0.953725427350846,-1.0881397041292624,-0.8193111505724296
9,25.306122448979593,-0.9141666222351355,-1.0485811193911063,-0.7797521250791646
9,26.122448979591837,-0.8700198353317943,-0.9128390371346579,-0.8272006335289307
9,26.93877551020408,-0.8319309874190638,-0.9663498238789362,-0.6975121509591914
9,27.755102040816325,-0.7829743194274348,-0.9173986536997436,-0.648549985155126
9,28.571428571428573,-0.7031253443155542,-0.7459493769166807,-0.6603013117144276
9,29.387755102040817,-0.5621715247118009,-0.6969645359046411,-0.4273785135189606
9,30.20408163265306,-0.3918644993459325,-0.5270551342959598,-0.2566738643959051
9,31.02040816326531,-0.2135012930301435,-0.2564343347379243,-0.1705682513223627
9,31.836734693877553,-0.0448723180196719,-0.19662271660087174,0.10687808056152795
9,32.6530612244898,0.11810115569431157,-0.07495674292084548,0.3111590543094686
9,33.46938775510204,0.27622701125158977,0.1236707218620805,0.42878330064109904
9,34.285714285714285,0.42797878420381297,0.3849544751111589,0.47100309329646706
9,35.10204081632653,0.5706232557250811,0.41847310850106084,0.7227734029491013
9,35.91836734693878,0.7014819538408074,0.5095875547163661,0.8933763529652486
9,36.734693877551024,0.8157591806034589,0.6655416339538307,0.965976727253087
9,37.55102040816327,0.9032485838621117,0.8604904664391241,0.9460067012850993
9,38.36734693877551,0.9450404259519003,0.8402084602525316,1.0498723916512689
9,39.183673469387756,0.9604237067598591,0.9174248310102515,1.0034225825094667
9,40.0,0.9600922998457279,0.7670951769694905,1.1530894227219652
10,0.0,-0.01652924002545736,-0.05861015973830309,0.02555167968738837
10,0.8163265306122449,0.1351263320638047,0.015442730951916173,0.2548099331756932
10,1.6326530612244898,0.31684669512440666,0.2752275033017493,0.35846588694706405
10,2.4489795918367347,0.5038606256298993,0.3866260632761048,0.6210951879836938
10,3.2653061224489797,0.6559428440022453,0.6143576206975807,0.69752806730691
10,4.081632653061225,0.7145420291661948,0.5967094368555179,0.8323746214768717
10,4.8979591836734695,0.7643985123192878,0.7226020141293138,0.8061950105092618
10,5.714285714285714,0.8882805470304411,0.734378703544762,1.0421823905161203
10,6.530612244897959,1.0263859219008142,0.8717226777108299,1.1810491660907987
10,7.346938775510204,1.127143465853635,1.0851670691768902,1.1691198625303798
10,8.16326530612245,1.1295918825308597,0.9743438115457908,1.2848399535159287
10,8.979591836734695,1.078800626123527,0.9235686846205788,1.2340325676264752
10,9.795918367346939,0.9984199577344741,0.9564485438041641,1.0403913716647841
10,10.612244897959183,0.8991307851065335,0.7452410716522515,1.0530204985608156
10,11.428571428571429,0.7881206315382971,0.6359759407625541,0.9402653223140401
10,12.244897959183675,0.6715641137632995,0.6304146985198376,0.7127135290067614
10,13.061224489795919,0.5575919859374279,0.5164489567649306,0.5987350151099251
10,13.877551020408163,0.44951789415606586,0.2979684013047924,0.6010673870073393
10,14.693877551020408,0.3265872399970934,0.17405428526321062,0.4791201947309761
10,15.510204081632654,0.15841511203426573,0.11662957177575001,0.20020065229278144
10,16.3265306122449,-0.10618032889152962,-0.2239945664660012,0.011633908682941937
10,17.142857142857142,-0.364555802327798,-0.4061502752641965,-0.3229613293913995
10,17.95918367346939,-0.5111411020123,-0.6289781072408713,-0.39330409678372874
10,18.775510204081634,-0.6153311577411988,-0.6571276581593648,-0.5735346573230329
10,19.591836734693878,-0.7274401568968907,-0.8813426021676438,-0.5735377116261375
10,20.408163265306122,-0.8329273297726068,-0.9875915280575902,-0.6782631314876233
10,21.224489795918366,-0.9174290611655034,-0.9594055933363395,-0.8754525289946673
10,22.040816326530614,-0.9622745459602455,-1.1175446064978067,-0.8070044854226843
10,22.857142857142858,-0.9815609978844502,-1.1368434160256295,-0.8262785797432708
10,23.6734693877551,-0.97983961764052,-1.021820533603174,-0.9378587016778658
10,24.48979591836735,-0.9536131713964204,-1.1089043337821698,-0.798322009010671
10,25.306122448979593,-0.914011888727789,-1.069303051160916,-0.7587207262946621
10,26.122448979591837,-0.8695422857595985,-0.9115232017727225,-0.8275613697464744
10,26.93877551020408,-0.8291407936299184,-0.9844232125492713,-0.6738583747105655
10,27.755102040816325,-0.7793420688589785,-0.9346121306701927,-0.6240720070477643
10,28.571428571428573,-0.7047512281617276,-0.7467277627625176,-0.6627746935609377
10,29.387755102040817,-0.58262996586704,-0.737294317693191,-0.4279656140408889
10,30.20408163265306,-0.42159320559464347,-0.5754959191944601,-0.26769049199482686
10,31.02040816326531,-0.20804814829399237,-0.2498446674544062,-0.16625162913357855
10,31.836734693877553,0.09841413797685976,-0.019426164399697646,0.21625444035341718
10,32.6530612244898,0.360844914116488,0.3192432638428614,0.4024465643901146
10,33.46938775510204,0.4204817845219466,0.30223376655439416,0.5387298024894991
10,34.285714285714285,0.43284972593687876,0.39096072869627774,0.4747387231774798
10,35.10204081632653,0.531985567196001,0.3595444861842232,0.7044266482077788
10,35.91836734693878,0.6640441791666365,0.4438911548790254,0.8841972034542476
10,36.734693877551024,0.7962718249463836,0.6238052775367634,0.9687383723560038
10,37.55102040816327,0.9030285347750615,0.8610982230615881,0.9449588464885349
10,38.36734693877551,0.9486125406507333,0.8278934169691711,1.0693316643322957
10,39.183673469387756,0.9603361320655575,0.9182406216198195,1.0024316425112956
10,40.0,0.9518236832838238,0.731988962266249,1.1716584043013987
11,0.0,-0.016679498948555915,-0.05879730741707854,0.025438309519966708
11,0.8163265306122449,0.13452484093056397,0.007940168361093791,0.26110951350003414
11,1.6326530612244898,0.31678602459183863,0.2750778838466553,0.35849416533702194
11,2.4489795918367347,0.5041381022443612,0.3801707892130356,0.6281054152756868
11,3.2653061224489797,0.6563616925192461,0.6146833355156865,0.6980400495228057
11,4.081632653061225,0.7145200521792343,0.5898945360014657,0.8391455683570029
11,4.8979591836734695,0.7639715670281225,0.7221042445927512,0.8058388894634938
11,5.714285714285714,0.8878743878031274,0.724952119810664,1.0507966557955908
11,6.530612244897959,1.0263138310107665,0.8625442210533011,1.1900834409682317
11,7.346938775510204,1.127467060797054,1.0854390105787288,1.1694951110153793
11,8.16326530612245,1.129688399442881,0.9652885041689473,1.2940882947168149
11,8.979591836734695,1.0787455363684375,0.914364700224801,1.243126372512074
11,9.795918367346939,0.9984003971307671,0.9563769740378543,1.04042382022368
11,10.612244897959183,0.8989899472399485,0.7360853288670554,1.0618945656128416
11,11.428571428571429,0.7879779627388313,0.6270648646299996,0.948891060847663
11,12.244897959183675,0.671524795481606,0.6302397323994942,0.7128098585637179
11,13.061224489795919,0.5575231457501646,0.5162438879766643,0.5988024035236649
11,13.877551020408163,0.44959179191718546,0.28932044714948424,0.6098631366848867
11,14.693877551020408,0.3269101628830728,0.16549484000165063,0.48832548576449497
11,15.510204081632654,0.15886643154062308,0.11700917476286976,0.2007236883183764
11,16.3265306122449,-0.10620512174047395,-0.2308098237852254,0.018399580304277532
11,17.142857142857142,-0.36505630502678454,-0.40674307314495284,-0.32336953690861625
11,17.95918367346939,-0.5113304955823084,-0.6359615713402427,-0.38669941982437406
11,18.775510204081634,-0.6151602647996743,-0.6570275963781432,-0.5732929332212054
11,19.591836734693878,-0.727068408421567,-0.88999141483281,-0.5641454020103239
11,20.408163265306122,-0.8326957181383833,-0.9964664746571731,-0.6689249616195935
11,21.224489795918366,-0.9175068022285301,-0.9595349823223904,-0.8754786221346698
11,22.040816326530614,-0.9621748114265233,-1.1265996952389377,-0.797749927614109
11,22.857142857142858,-0.9814312669145854,-1.1458703217678536,-0.816992212061317
11,23.6734693877551,-0.9798619379407637,-1.0218940698489762,-0.9378298060325512
11,24.48979591836735,-0.9534291409163872,-1.117877948892415,-0.7889803329403594
11,25.306122448979593,-0.913784866532949,-1.0782336744262204,-0.7493360586396776
11,26.122448979591837,-0.869443782251114,-0.9114759141935188,-0.8274116503087091
11,26.93877551020408,-0.8288832606701474,-0.9933223156715647,-0.6644442056687301
11,27.755102040816325,-0.7791227694786349,-0.9435476515834231,-0.6146978873738467
11,28.571428571428573,-0.7048630107825221,-0.7468911894047281,-0.6628348321603161
11,29.387755102040817,-0.5830874804718114,-0.7468580648943025,-0.4193168960493202
11,30.20408163265306,-0.4223526426006765,-0.5852753066184224,-0.25942997858293065
11,31.02040816326531,-0.20846328616627777,-0.2503305792392518,-0.16659599309330375
11,31.836734693877553,0.10007953135599432,-0.02454519228344934,0.22470425499543797
11,32.6530612244898,0.3608145731220266,0.3191363107011494,0.40249283554290377
11,33.46938775510204,0.4064368433642277,0.2824884902352159,0.5303851964932396
11,34.285714285714285,0.4364595459895144,0.39479005126706007,0.47812904071196877
11,35.10204081632653,0.645695672406851,0.5217528664907032,0.7696384783229988
11,35.91836734693878,0.8595325063963731,0.8178629940408906,0.9012020187518557
11,36.734693877551024,0.9104972795583943,0.7865364779470468,1.034458081169742
11,37.55102040816327,0.9073550941289058,0.8656470074058404,0.9490631808519712
11,38.36734693877551,0.9343948040163504,0.8078102448995843,1.0609793631331166
11,39.183673469387756,0.9593939684866734,0.9172761641190372,1.0015117728543095
11,40.0,0.9532013849549765,0.7216281193450799,1.184774650564873
12,0.0,-0.016543384772072206,-0.05885765479286449,0.02577088524872008
12,0.8163265306122449,0.134642163311295,0.011548056615974064,0.2577362700066159
12,1.6326530612244898,0.31680460121205245,0.2749322932328048,0.3586769091913001
12,2.4489795918367347,0.504006732468805,0.38344358526749545,0.6245698796701146
12,3.2653061224489797,0.6561235672772469,0.61428362688108,0.6979635076734138
12,4.081632653061225,0.7145383243484882,0.5933495280464577,0.8357271206505187
12,4.8979591836734695,0.7642217765082863,0.7221789370494035,0.806264615967169
12,5.714285714285714,0.8881462574528461,0.7297989165201536,1.0464935983855388
12,6.530612244897959,1.0263917177070283,0.8672440308842702,1.1855394045297865
12,7.346938775510204,1.1272860317480868,1.0850705075989386,1.169501555897235
12,8.16326530612245,1.1296695062823692,0.9699154119290695,1.2894236006356687
12,8.979591836734695,1.0788137859474345,0.9190770887120364,1.2385504831828325
12,9.795918367346939,0.9984175133513316,0.9562068519988516,1.0406281747038115
12,10.612244897959183,0.8991100443155496,0.7407771314637309,1.0574429571673682
12,11.428571428571429,0.788101317955775,0.6316225469895965,0.9445800889219534
12,12.244897959183675,0.6715508226795931,0.6301309836750435,0.7129706616841427
12,13.061224489795919,0.5575668466132234,0.516153183921398,0.5989805093050489
12,13.877551020408163,0.4495931600410066,0.2937316730719891,0.605454647010024
12,14.693877551020408,0.32676734930127027,0.16985224299430304,0.4836824556082375
12,15.510204081632654,0.15861104249523833,0.1165788477625276,0.20064323722794908
12,16.3265306122449,-0.10618139050640682,-0.22735073486563506,0.014987953852821423
12,17.142857142857142,-0.364764233185488,-0.4066131205111709,-0.32291534585980514
12,17.95918367346939,-0.511211765186836,-0.6324054580230438,-0.3900180723506282
12,18.775510204081634,-0.6152544136389474,-0.6572972583980412,-0.5732115688798536
12,19.591836734693878,-0.7272520182209662,-0.8856000195833817,-0.5689040168585506
12,20.408163265306122,-0.832799612535282,-0.9919483365121243,-0.6736508885584397
12,21.224489795918366,-0.9174564476627519,-0.9596721058751565,-0.8752407894503473
12,22.040816326530614,-0.9622076765216169,-1.121985095860927,-0.8024302571823068
12,22.857142857142858,-0.9814810753179496,-1.1412716540192018,-0.8216904966166974
12,23.6734693877551,-0.9798441287593128,-1.0220640116646988,-0.9376242458539269
12,24.48979591836735,-0.9535134347609208,-1.1133132150688805,-0.7937136544529612
12,25.306122448979593,-0.9138946903220638,-1.0736944705585403,-0.7540949100855874
12,26.122448979591837,-0.8694956355384195,-0.9117155184697479,-0.8272757526070911
12,26.93877551020408,-0.8290004592105434,-0.9887910379950292,-0.6692098804260577
12,27.755102040816325,-0.7792097969645556,-0.9389872148983771,-0.6194323790307341
12,28.571428571428573,-0.7048028357089269,-0.7470184923053615,-0.6625871791124922
12,29.387755102040817,-0.5829537245164523,-0.7421022891618068,-0.4238051598710979
12,30.20408163265306,-0.4220992195100173,-0.5804469111722571,-0.26375152784777744
12,31.02040816326531,-0.20818391500373937,-0.25022672158702014,-0.1661411084204586
12,31.836734693877553,0.09986016178174303,-0.021327888742796702,0.22104821230628277
12,32.6530612244898,0.36022544154077163,0.31838559341996286,0.4020652896615804
12,33.46938775510204,0.4064640280139682,0.28591764929329144,0.5270104067346449
12,34.285714285714285,0.43703638006705015,0.3952058680537283,0.478866892080372
12,35.10204081632653,0.6458071551947074,0.5252665280790052,0.7663477823104097
12,35.91836734693878,0.8591125128597313,0.8172821183149347,0.900942907404528
12,36.734693877551024,0.9104977435233829,0.7899660072015589,1.0310294798452069
12,37.55102040816327,0.907384901794227,0.8655652889638471,0.949204514624607
12,38.36734693877551,0.9326749772198268,0.812975387845193,1.0523745665944606
12,39.183673469387756,0.9599095903452162,0.9187173656694949,1.0011018150209374
12,40.0,0.9672938200832712,0.9254690247089122,1.0091186154576302
13,0.0,-0.016358094641491294,-0.060323759338451376,0.027607570055468787
13,0.8163265306122449,0.13541819272067562,0.015654830488182336,0.2551815549531689
13,1.6326530612244898,0.3168856687660353,0.2734500897516126,0.360321247780458
13,2.4489795918367347,0.5036424451782305,0.38630187807576966,0.6209830122806914
13,3.2653061224489797,0.6555826385301353,0.6121863462799645,0.6989789307803062
13,4.081632653061225,0.7145621750298718,0.5966442683927841,0.8324800816669596
13,4.8979591836734695,0.764772213586876,0.7211349126302564,0.8084095145434955
13,5.714285714285714,0.8886394871178245,0.7347533426499757,1.0425256315856732
13,6.530612244897959,1.026453062725621,0.8718391231897371,1.1810670022615049
13,7.346938775510204,1.1268659057121009,1.0830231767607363,1.1707086346634654
13,8.16326530612245,1.1294967619364642,0.974307719920381,1.2846858039525473
13,8.979591836734695,1.078837985651005,0.923663539773742,1.2340124315282681
13,9.795918367346939,0.9984407793719581,0.9546035452744549,1.0422780134694614
13,10.612244897959183,0.8992663679305448,0.7453886039426012,1.0531441319184884
13,11.428571428571429,0.7882582024823537,0.6360110391539531,0.9405053658107543
13,12.244897959183675,0.67160261960199,0.6286997431019433,0.7145054961020366
13,13.061224489795919,0.5576533549939249,0.5147576537011246,0.6005490562867252
13,13.877551020408163,0.4494695979040456,0.29780748016787767,0.6011317156402136
13,14.693877551020408,0.32632244644096675,0.17375766244057175,0.4788872304413617
13,15.510204081632654,0.1580274115178864,0.1144023119644047,0.2016525110713681
13,16.3265306122449,-0.10614641170401728,-0.2240470795790796,0.011754256171045044
13,17.142857142857142,-0.36411837768418137,-0.4075250532340115,-0.32071170213435124
13,17.95918367346939,-0.5109518359416625,-0.628873128102695,-0.39303054378062996
13,18.775510204081634,-0.6154773915608487,-0.6591145148142513,-0.571840268307446
13,19.591836734693878,-0.7277790670547797,-0.8816456109214714,-0.5739125231880879
13,20.408163265306122,-0.8331865189795011,-0.9877550554714061,-0.6786179824875962
13,21.224489795918366,-0.9173276103718107,-0.9611597664917894,-0.873495454251832
13,22.040816326530614,-0.9616891117206072,-1.1155416384339276,-0.807836585007287
13,22.857142857142858,-0.980704469595681,-1.1329329683675964,-0.8284759708237658
13,23.6734693877551,-0.9800926693909304,-1.0229665018998404,-0.9372188368820205
13,24.48979591836735,-0.9582254398167618,-1.0007850381193664,-0.9156658415141571
13,25.306122448979593,-0.9172377535262812,-1.0344054145231485,-0.800070092529414
13,26.122448979591837,-0.8697579779183848,-0.913383299731364,-0.8261326561054056
13,26.93877551020408,-0.8286803892148435,-0.9825441245765906,-0.6748166538530965
13,27.755102040816325,-0.7790184474029274,-0.9336072224705922,-0.6244296723352625
13,28.571428571428573,-0.7046572934620456,-0.7484950935153607,-0.6608194934087306
13,29.387755102040817,-0.5827609445011646,-0.7373551982952534,-0.4281666907070757
13,30.20408163265306,-0.42161470192558165,-0.5754923491990427,-0.26773705465212067
13,31.02040816326531,-0.20757413301787392,-0.25121131995345697,-0.1639369460822909
13,31.836734693877553,0.09934431267677485,-0.018572763146828278,0.21726138850037796
13,32.6530612244898,0.35890480758034593,0.315508604647277,0.4023010105134149
13,33.46938775510204,0.40648982856100957,0.28916216967389174,0.5238174874481274
13,34.285714285714285,0.4383186401058132,0.3949332352675886,0.48170404494403773
13,35.10204081632653,0.6460912124878775,0.5287680113662071,0.7634144136095479
13,35.91836734693878,0.8581547956572024,0.8147694954209679,0.901540095893437
13,36.734693877551024,0.9100893322871795,0.7927727874763674,1.0274058770979917
13,37.55102040816327,0.9077242278657442,0.864350625402184,0.9510978303293045
13,38.36734693877551,0.932950681486632,0.8163448668562827,1.0495564961169812
13,39.183673469387756,0.9598419070821094,0.917206290265367,1.0024775238988517
13,40.0,0.967288667932068,0.9238978328099288,1.0106795030542073
14,0.0,-0.016409121371964208,-0.060647628265912155,0.02782938552198374
14,0.8163265306122449,0.13506515210160142,0.011822250256954075,0.2583080539462488
14,1.6326530612244898,0.31686481634052277,0.2731341581758678,0.36059547450517776
14,2.4489795918367347,0.5039624508712897,0.38322882067267994,0.6246960810698994
14,3.2653061224489797,0.6556468644117147,0.6119540508768568,0.6993396779465726
14,4.081632653061225,0.7127968256744754,0.5914801434210698,0.8341135079278811
14,4.8979591836734695,0.765341858041561,0.7214289854630874,0.8092547306200345
14,5.714285714285714,0.9041241770085572,0.7470942782069245,1.0611540758101898
14,6.530612244897959,1.049927206511492,0.8938742667140515,1.2059801463089324
14,7.346938775510204,1.1202484607246777,1.0770672070279481,1.1634297144214072
14,8.16326530612245,1.0146096773217903,0.9717246561633927,1.0574946984801878
14,8.979591836734695,1.000496289831248,0.8799854172331812,1.1210071624293145
14,9.795918367346939,0.9951804018786334,0.9512792187755579,1.039081584981709
14,10.612244897959183,0.9148683990027203,0.7578487638505977,1.071888034154843
14,11.428571428571429,0.7985643789682579,0.6425082479101343,0.9546205100263816
14,12.244897959183675,0.6721836391170912,0.6289741040641478,0.7153931741700347
14,13.061224489795919,0.5574796815445525,0.5142700908866428,0.6006892722024623
14,13.877551020408163,0.44944728125228206,0.29338498330210083,0.6055095792024633
14,14.693877551020408,0.3264453198672695,0.16940998357900222,0.48348065615553676
14,15.510204081632654,0.1582355511917564,0.11432260374987085,0.20214849863364193
14,16.3265306122449,-0.10614955137565668,-0.22747072346810343,0.015171620716790055
14,17.142857142857142,-0.36434705494347863,-0.4080502789746718,-0.3206438309122855
14,17.95918367346939,-0.5110395872825523,-0.6323829402922728,-0.38969623427283173
14,18.775510204081634,-0.615397788306386,-0.659322444993595,-0.571473131619177
14,19.591836734693878,-0.7276160440490891,-0.8860167681069921,-0.569215319991186
14,20.408163265306122,-0.8330893717396896,-0.9922298054199677,-0.6739489380594114
14,21.224489795918366,-0.9173622263703999,-0.9614741381763855,-0.8732503145644143
14,22.040816326530614,-0.9616362999518066,-1.1200212089072297,-0.8032513909963835
14,22.857142857142858,-0.980625332860609,-1.137277537961413,-0.8239731277598051
14,23.6734693877551,-0.9800941573661918,-1.0232826974400315,-0.9369056172923521
14,24.48979591836735,-0.9582349339874209,-1.0011207874910797,-0.915349080483762
14,25.306122448979593,-0.9171956178215025,-1.0377287865759002,-0.7966624490671048
14,26.122448979591837,-0.8697064846991381,-0.9136195293036117,-0.8257934400946646
14,26.93877551020408,-0.8285555665470702,-0.9869524713289477,-0.6701586617651927
14,27.755102040816325,-0.778926266487948,-0.9380883171479879,-0.6197642158279082
14,28.571428571428573,-0.7047017475593765,-0.748819176335954,-0.6605843187827991
14,29.387755102040817,-0.5828582492083689,-0.7420264282259126,-0.42369007019082533
14,30.20408163265306,-0.4218056055006342,-0.5802182141687449,-0.2633929968325235
14,31.02040816326531,-0.20779128516648215,-0.2517160037272233,-0.163866566605741
14,31.836734693877553,0.09953481124054309,-0.02180383403914095,0.2208734565202271
14,32.6530612244898,0.3593773244070987,0.3156842579074834,0.403070390906714
14,33.46938775510204,0.40648414450676895,0.2857647612389018,0.5272035277746361
14,34.285714285714285,0.4378621818909142,0.3941795952801009,0.4815447685017275
14,35.10204081632653,0.6459929357786711,0.5252785416836037,0.7667073298737386
14,35.91836734693878,0.8584970743452565,0.8148145997977972,0.9021795488927157
14,36.734693877551024,0.9102395749889219,0.7895327269760167,1.030946423001827
14,37.55102040816327,0.9076036475151731,0.8639327972165948,0.9512744978137514
14,38.36734693877551,0.9328486000207222,0.8129090143496315,1.0527881856918129
14,39.183673469387756,0.9598577948918692,0.9168987343110018,1.0028168554727366
14,40.0,0.9673087655521118,0.9236249594029129,1.0109925717013106
15,0.0,-0.017022464394332082,-0.060913649133737105,0.02686872034507294
15,0.8163265306122449,0.13351925834499945,-0.01565707005337294,0.2826955867433718
15,1.6326530612244898,0.31670627324692224,0.27314138436889523,0.36027116212494925
15,2.4489795918367347,0.5048494850575115,0.3587837926908163,0.6509151774242067
15,3.2653061224489797,0.6570351089572986,0.6134933961747984,0.7005768217397987
15,4.081632653061225,0.7124086100954008,0.5655483078062232,0.8592689123845784
15,4.8979591836734695,0.7637150287821199,0.7200284128656637,0.8074016446985762
15,5.714285714285714,0.9037743014185897,0.7133543317501689,1.0941942710870105
15,6.530612244897959,1.052081029910287,0.8632501212582833,1.2409119385622907
15,7.346938775510204,1.123430147568232,1.0802390790294747,1.1666212161069893
15,8.16326530612245,1.0117618538917834,0.9687694394046417,1.054754268378925
15,8.979591836734695,0.9984443603319835,0.8528787291508801,1.1440099915130868
15,9.795918367346939,0.9961462543514261,0.9524686929016913,1.0398238158011608
15,10.612244897959183,0.915398404912831,0.725009578024089,1.105787231801573
15,11.428571428571429,0.7983459130889794,0.6095251682745433,0.9871666579034155
15,12.244897959183675,0.6718713618317329,0.6286591829564282,0.7150835407070376
15,13.061224489795919,0.5572764207889804,0.5140641795370909,0.6004886620408699
15,13.877551020408163,0.44959164930936246,0.26075851361499947,0.6384247850037255
15,14.693877551020408,0.32736258419114905,0.1369402023878583,0.5177849659944398
15,15.510204081632654,0.15969531855083974,0.11600865924421402,0.20338197785746545
15,16.3265306122449,-0.10623723403554791,-0.2531067772047785,0.040632309133682626
15,17.142857142857142,-0.3659865850017237,-0.40953557827714776,-0.32243759172629965
15,17.95918367346939,-0.5116431461692506,-0.6585483523965971,-0.364737939941904
15,18.775510204081634,-0.6148459543823501,-0.6585410286733766,-0.5711508800913236
15,19.591836734693878,-0.7263686887887062,-0.9186623816255525,-0.5340749959518599
15,20.408163265306122,-0.832318727765629,-1.0256571669703227,-0.6389802885609354
15,21.224489795918366,-0.9176323628455427,-0.9614503662025854,-0.8738143594885001
15,22.040816326530614,-0.9610719748960601,-1.1533318263273022,-0.768812123464818
15,22.857142857142858,-0.9798516021400472,-1.169450053871428,-0.7902531504086663
15,23.6734693877551,-0.9801575791106216,-1.02335375314851,-0.9369614050727333
15,24.48979591836735,-0.9580766909859364,-1.0010694521148724,-0.9150839298570005
15,25.306122448979593,-0.91249079063715,-1.058056412437661,-0.7669251688366389
15,26.122448979591837,-0.8705403755932328,-0.9142179125491477,-0.8268628386373179
15,26.93877551020408,-0.8640513455015071,-1.054438145433989,-0.6736645455690252
15,27.755102040816325,-0.8347449363290793,-1.0235634938060496,-0.6459263788521091
15,28.571428571428573,-0.6949650381924859,-0.738155849070118,-0.6517742273148538
15,29.387755102040817,-0.32756528442323235,-0.3705490022630786,-0.2845815665833861
15,30.20408163265306,-0.2512034744135827,-0.3959521266552596,-0.10645482217190586
15,31.02040816326531,-0.20412453517219525,-0.24764908265021862,-0.1605999876941719
15,31.836734693877553,0.07891755061074837,-0.06709258891316747,0.2249276901346642
15,32.6530612244898,0.3616198167586615,0.3180854465750586,0.4051541869422644
15,33.46938775510204,0.4087133954374691,0.2626867294658205,0.5547400614091177
15,34.285714285714285,0.4346857461924562,0.391151271109668,0.4782202212752444
15,35.10204081632653,0.6448700303380658,0.4988433268598238,0.7908967338163078
15,35.91836734693878,0.8609051981828004,0.8173708075393589,0.904439588826242
15,36.734693877551024,0.9111823048967205,0.7651719269190487,1.0571926828743923
15,37.55102040816327,0.9067217915696344,0.8631968753162985,0.9502467078229703
15,38.36734693877551,0.9321023269008553,0.787345554371771,1.0768590994299396
15,39.183673469387756,0.9601039166271721,0.9170632060081627,1.0031446272461815
15,40.0,0.9671602659164493,0.9236489923210207,1.010671539511878
16,0.0,-0.01702218784188181,-0.061432424735692166,0.02738804905192855
16,0.8163265306122449,0.1338079663335728,-0.015266937840009237,0.2828828705071549
16,1.6326530612244898,0.3167234665531393,0.2726524934092091,0.36079443969706954
16,2.4489795918367347,0.5047756074637582,0.35880927020731895,0.6507419447201974
16,3.2653061224489797,0.6569609091682298,0.6129141287813803,0.7010076895550793
16,4.081632653061225,0.712424762853344,0.5656687499453794,0.8591807757613086
16,4.8979591836734695,0.7637956047627201,0.7195984023801859,0.8079928071452543
16,5.714285714285714,0.9037697665910418,0.7134978276777504,1.0940417055043332
16,6.530612244897959,1.051948466682253,0.8632423015689257,1.2406546317955802
16,7.346938775510204,1.1232610806943142,1.0795775199231015,1.166944641465527
16,8.16326530612245,1.0119100637076974,0.9684325362169454,1.0553875911984494
16,8.979591836734695,0.9985443652764321,0.8530647972888881,1.1440239332639761
16,9.795918367346939,0.9960914291620697,0.9519035534775975,1.040279304846542
16,10.612244897959183,0.9153399788048673,0.7250981366163106,1.1055818209934238
16,11.428571428571429,0.7983244902131588,0.6096278795230767,0.9870211009032408
16,12.244897959183675,0.6718856229516972,0.6281802784161649,0.7155909674872295
16,13.061224489795919,0.5572772744878605,0.5135718687244231,0.6009826802512979
16,13.877551020408163,0.44939851076501625,0.26069004248426375,0.6381069790457687
16,14.693877551020408,0.3270601644677966,0.1367861678349706,0.5173341611006226
16,15.510204081632654,0.1596498116616057,0.11545261231632972,0.20384701100688166
16,16.3265306122449,-0.1053672176405474,-0.25212191247507065,0.04138747719397584
16,17.142857142857142,-0.36632247155436054,-0.41036903635697763,-0.32227590675174345
16,17.95918367346939,-0.5197189534252349,-0.6656403908780162,-0.3737975159724536
16,18.775510204081634,-0.6128858655865526,-0.6569149849206964,-0.5688567462524087
16,19.591836734693878,-0.6627010248467136,-0.8073692561544226,-0.5180327935390046
16,20.408163265306122,-0.7374563829698793,-0.7809244107854076,-0.6939883551543509
16,21.224489795918366,-0.9137872120000323,-0.957463710467436,-0.8701107135326287
16,22.040816326530614,-0.9818843691385533,-1.1695432688894845,-0.794225469387622
16,22.857142857142858,-0.9931492171641332,-1.1808081675942572,-0.805490266734009
16,23.6734693877551,-0.9806807529717243,-1.0243574419804866,-0.937004063962962
16,24.48979591836735,-0.9579304706836449,-1.0014074772098935,-0.9144534641573963
16,25.306122448979593,-0.9125485620363047,-1.0580281184091782,-0.7670690056634313
16,26.122448979591837,-0.870587183035828,-0.914775031927955,-0.8263993341437011
16,26.93877551020408,-0.8640371205285777,-1.0542767627764948,-0.6737974782806606
16,27.755102040816325,-0.8345599294682053,-1.0232540359147835,-0.6458658230216272
16,28.571428571428573,-0.6947084282738141,-0.7383917278346279,-0.6510251287130002
16,29.387755102040817,-0.32789213785047255,-0.3713606768908235,-0.2844235988101216
16,30.20408163265306,-0.25134728987296656,-0.3960153135718656,-0.1066792661740675
16,31.02040816326531,-0.20391851802370697,-0.24794758645683632,-0.15988944959057763
16,31.836734693877553,0.07893213869935002,-0.06697997168256169,0.22484424908126172
16,32.6530612244898,0.3614199313230704,0.31738074822672946,0.4054591144194113
16,33.46938775510204,0.40868117643993157,0.26275299037065436,0.5546093625092088
16,34.285714285714285,0.4348527421329485,0.3908134525865462,0.4788920316793508
16,35.10204081632653,0.6449042451137059,0.4989760196888807,0.7908324705385311
16,35.91836734693878,0.8607773879050113,0.8167381833125603,0.9048165924974624
16,36.734693877551024,0.9111308616092948,0.7652185138822437,1.0570432093363458
16,37.55102040816327,0.9067670692126788,0.8627376032023995,0.9507965352229582
16,38.36734693877551,0.9321479141326092,0.7874710518415715,1.076824776423647
16,39.183673469387756,0.9601075314102376,0.9165797532298637,1.0036353095906114
16,40.0,0.9671275293564803,0.9231107074968511,1.0111443512161093
17,0.0,-0.017235810520754097,-0.06084649888224307,0.026374877840734876
17,0.8163265306122449,0.13311446850821768,-0.027455649749470595,0.2936845867659059
17,1.6326530612244898,0.3166668388830942,0.2733282038231272,0.3600054739430612
17,2.4489795918367347,0.5050644652500177,0.3478281903520897,0.6623007401479457
17,3.2653061224489797,0.6574494586999122,0.6141296054761832,0.7007693119236412
17,4.081632653061225,0.7122719499927015,0.5541534322459549,0.8703904677394481
17,4.8979591836734695,0.7632185361019859,0.7197765857393137,0.806660486464658
17,5.714285714285714,0.9034473075696228,0.6983645545604741,1.1085300605787716
17,6.530612244897959,1.0524942196795477,0.8492646433752677,1.2557237959838277
17,7.346938775510204,1.1244066199920641,1.0813860533665889,1.1674271866175394
17,8.16326530612245,1.0108744468015147,0.9680221375047819,1.0537267560982475
17,8.979591836734695,0.9977289019553679,0.8411152387636787,1.1543425651470571
17,9.795918367346939,0.9964754341616695,0.953041471210478,1.039909397112861
17,10.612244897959183,0.9160368853627872,0.7109954879889376,1.1210782827366366
17,11.428571428571429,0.7986309034513304,0.5954165732534343,1.0018452336492263
17,12.244897959183675,0.673027069590094,0.6300071131003178,0.7160470260798701
17,13.061224489795919,0.5530908135487045,0.5102571212315695,0.5959245058658394
17,13.877551020408163,0.31963875392431085,0.16538679566374528,0.47389071218487644
17,14.693877551020408,0.1306761614178505,0.08786074618210078,0.1734915766536002
17,15.510204081632654,0.15301299152024395,0.11018682988868386,0.19583915315180403
17,16.3265306122449,-0.07832962544341138,-0.23403356905239184,0.07737431816556908
17,17.142857142857142,-0.365715152768398,-0.40901992370645185,-0.32241038183034415
17,17.95918367346939,-0.5232075879270548,-0.6803546793445618,-0.36606049650954775
17,18.775510204081634,-0.6131369787446488,-0.6564417632066675,-0.5698321942826301
17,19.591836734693878,-0.6615119000159893,-0.8172158767851693,-0.5058079232468092
17,20.408163265306122,-0.7365813992433103,-0.7794257350760058,-0.6937370634106149
17,21.224489795918366,-0.9145232860654009,-0.957537807809024,-0.8715087643217778
17,22.040816326530614,-0.9819994604143039,-1.1840429079264152,-0.7799560129021925
17,22.857142857142858,-0.9927829528526766,-1.1948264997508133,-0.7907394059545398
17,23.6734693877551,-0.9805959710219032,-1.0236106738030326,-0.9375812682407738
17,24.48979591836735,-0.9580092736813179,-1.0008611122377993,-0.9151574351248365
17,25.306122448979593,-0.9121982541490727,-1.0688119164800731,-0.7555845918180724
17,26.122448979591837,-0.8702784995266193,-0.9137124625110281,-0.8268445365422105
17,26.93877551020408,-0.8642919835703264,-1.069333416211809,-0.6592505509288438
17,27.755102040816325,-0.8360032152542742,-1.0392176412647467,-0.6327887892438018
17,28.571428571428573,-0.6965025337835367,-0.7395228523717182,-0.6534822151953551
17,29.387755102040817,-0.3256468268087869,-0.3684916298049692,-0.28280202381260466
17,30.20408163265306,-0.2504518417058396,-0.40615619232100153,-0.09474749109067773
17,31.02040816326531,-0.20535993876151504,-0.24866482874469992,-0.16205504877833016
17,31.836734693877553,0.07873753359008212,-0.0784306712272056,0.23590573840736984
17,32.6530612244898,0.3627745958758687,0.31946104040071643,0.40608815135102094
17,33.46938775510204,0.40880112986870754,0.2516122239830481,0.565990035754367
17,34.285714285714285,0.4336855858388487,0.3903719298537308,0.4769992418239666
17,35.10204081632653,0.6445745678787798,0.48738563295421555,0.801763502803344
17,35.91836734693878,0.8616379637438869,0.8183243923993772,0.9049515350883967
17,36.734693877551024,0.9113832204142254,0.7542147515103446,1.0685516893181062
17,37.55102040816327,0.9064453987273149,0.8631402659259421,0.9497505315286877
17,38.36734693877551,0.9318128530194887,0.7761036633960776,1.0875220426428998
17,39.183673469387756,0.9601883062817806,0.9172961004866752,1.0030805120768862
17,40.0,0.9670930202771879,0.9238075591133097,1.0103784814410661
18,0.0,-0.01720928965487528,-0.060675300307714654,0.02625672099796409
18,0.8163265306122449,0.13317250840652403,-0.027097011997433085,0.29344202881048115
18,1.6326530612244898,0.31660631665158895,0.27341074095110124,0.35980189235207666
18,2.4489795918367347,0.5035699990930655,0.3466597753573203,0.6604802228288108
18,3.2653061224489797,0.6579952630037014,0.6148329733174491,0.7011575526899536
18,4.081632653061225,0.7253259790057239,0.5699127747049577,0.8807391833064901
18,4.8979591836734695,0.7597674124039517,0.7170809932342599,0.8024538315736436
18,5.714285714285714,0.8083889178056233,0.7657132147206027,0.8510646208906438
18,6.530612244897959,0.9898060513772132,0.8358453937395549,1.1437667090148715
18,7.346938775510204,1.1224424444399732,1.0797665464848865,1.16511834239506
18,8.16326530612245,1.011457888350253,0.9687640018580307,1.0541517748424751
18,8.979591836734695,0.9977728076140163,0.841452740241249,1.1540928749867836
18,9.795918367346939,0.9965019595524156,0.9532115127222978,1.0397924063825335
18,10.612244897959183,0.9161902519076011,0.7115301926279919,1.1208503111872101
18,11.428571428571429,0.7987630324852831,0.595928935323987,1.001597129646579
18,12.244897959183675,0.673029484950183,0.6301504823500615,0.7159084875503045
18,13.061224489795919,0.5531024375446585,0.5104085507688456,0.5957963243204714
18,13.877551020408163,0.31964511389131567,0.16568454265612034,0.473605685126511
18,14.693877551020408,0.13065309505986683,0.0879773826263431,0.17332880749339058
18,15.510204081632654,0.1530417767196187,0.11035537604535914,0.19572817739387824
18,16.3265306122449,-0.07829953648052063,-0.23371113298370605,0.0771120600226648
18,17.142857142857142,-0.3657229159476879,-0.4088849998566165,-0.3225608320387593
18,17.95918367346939,-0.5232045274507588,-0.6800583073222144,-0.36635074757930336
18,18.775510204081634,-0.6131365380831367,-0.6562986353042926,-0.5699744408619809
18,19.591836734693878,-0.6614871656139983,-0.8168987918620054,-0.5060755393659913
18,20.408163265306122,-0.7365678781789776,-0.7792723510291465,-0.6938634053288087
18,21.224489795918366,-0.9145314414603858,-0.9574050418838556,-0.871657841036916
18,22.040816326530614,-0.9819604791597649,-1.1836252322544674,-0.7802957260650625
18,22.857142857142858,-0.9927370874428751,-1.1944019404665933,-0.791072234419157
18,23.6734693877551,-0.9805923165312387,-1.0234660972400387,-0.9377185358224387
18,24.48979591836735,-0.9580093174059916,-1.0007212485261026,-0.9152973862858806
18,25.306122448979593,-0.9121834385072032,-1.0685035346925305,-0.755863342321876
18,26.122448979591837,-0.8702711928280675,-0.9135616580281178,-0.8269807276280172
18,26.93877551020408,-0.8642572609216128,-1.0689175187533133,-0.6595970030899123
18,27.755102040816325,-0.8359846160616247,-1.0388189354657775,-0.6331502966574719
18,28.571428571428573,-0.696526011228392,-0.7394053758188586,-0.6536466466379254
18,29.387755102040817,-0.3256132559866136,-0.3683181937374818,-0.2829083182357454
18,30.20408163265306,-0.25042617412885093,-0.4058381747358359,-0.09501417352186597
18,31.02040816326531,-0.20537847845552953,-0.24854068076509997,-0.1622162761459591
18,31.836734693877553,0.07874551893263342,-0.078129386789986,0.23562042465525285
18,32.6530612244898,0.36279600666036016,0.31962518702397924,0.4059668262967411
18,33.46938775510204,0.40881345993985796,0.25191784140184115,0.5657090784778748
18,34.285714285714285,0.433670891033161,0.39049997131190134,0.4768418107544206
18,35.10204081632653,0.6445800009945881,0.48768435365244606,0.8014756483367302
18,35.91836734693878,0.8616520506292422,0.8184812152485914,0.904822886009893
18,36.734693877551024,0.9113951175302957,0.7545199480764689,1.0682702869841223
18,37.55102040816327,0.9064418818091102,0.8632794393029196,0.9496043243153008
18,38.36734693877551,0.9318110941549731,0.7763943187342386,1.0872278695757076
18,39.183673469387756,0.9601799659092992,0.9174279384368393,1.002931993381759
18,40.0,0.9671166075842867,0.923973864569307,1.0102593505992665
19,0.0,-0.017181383958481122,-0.061241176802067705,0.02687840888510546
19,0.8163265306122449,0.13355773129327492,-0.0247915782891526,0.2919070408757024
19,1.6326530612244898,0.316626418202757,0.27285660450814647,0.3603962318973675
19,2.4489795918367347,0.5034957945431333,0.34847144035913746,0.6585201487271292
19,3.2653061224489797,0.657892038537693,0.6141579135462356,0.7016261635291503
19,4.081632653061225,0.7252400773395671,0.5716619399636264,0.8788182147155078
19,4.8979591836734695,0.7597369022396059,0.7165096081874359,0.8029641962917758
19,5.714285714285714,0.8086115078925544,0.7653954842068049,0.8518275315783039
19,6.530612244897959,0.9896954603567678,0.8375213145163034,1.1418696061972322
19,7.346938775510204,1.1220429712558313,1.0788267474346454,1.1652591950770173
19,8.16326530612245,1.0117523935970794,0.9685171757064895,1.0549876114876693
19,8.979591836734695,0.997998492148837,0.843533052345912,1.152463931951762
19,9.795918367346939,0.9964137281234531,0.9525426993655371,1.040284756881369
19,10.612244897959183,0.9162223044252229,0.7140482555764789,1.118396353273967
19,11.428571428571429,0.7989142144591719,0.598502488525097,0.9993259403932467
19,12.244897959183675,0.6731129911069589,0.6296804564612499,0.7165455257526678
19,13.061224489795919,0.5529137129827754,0.5096784948626933,0.5961489311028574
19,13.877551020408163,0.3198613013296038,0.1676871383415218,0.4720354643176857
19,14.693877551020408,0.13110367215818475,0.08788763591496176,0.17431970840140773
19,15.510204081632654,0.1525505087871089,0.10932323465642027,0.19577778291779754
19,16.3265306122449,-0.07860787766596408,-0.23218445867460075,0.07496870334267258
19,17.142857142857142,-0.365544349566792,-0.4092782636866077,-0.3218104354469763
19,17.95918367346939,-0.5230701855157749,-0.6780408342028842,-0.3680995368286656
19,18.775510204081634,-0.6131077840911168,-0.6568417149605774,-0.5693738532216561
19,19.591836734693878,-0.6617188092888078,-0.8152954978817868,-0.5081421206958288
19,20.408163265306122,-0.736789821247885,-0.7800361668917241,-0.6935434756040458
19,21.224489795918366,-0.9143485767295911,-0.9577753944484573,-0.870921759010725
19,22.040816326530614,-0.9821011175098577,-1.1813713005505868,-0.7828309344691287
19,22.857142857142858,-0.9930382773075661,-1.1923084131956136,-0.7937681414195185
19,23.6734693877551,-0.9805342095370502,-1.0239606589993244,-0.9371077600747759
19,24.48979591836735,-0.9584871424478112,-1.0017218792834408,-0.9152524056121816
19,25.306122448979593,-0.922434070323598,-1.074608198258594,-0.7702599423886021
19,26.122448979591837,-0.8674649227352158,-0.9106805770034943,-0.8242492684669374
19,26.93877551020408,-0.7886969493170475,-0.8319125909499516,-0.7454813076841433
19,27.755102040816325,-0.7857901056217333,-0.937964143252133,-0.6336160679913337
19,28.571428571428573,-0.6944052556014959,-0.737621277862831,-0.6511892333401608
19,29.387755102040817,-0.3266951675295199,-0.3699224433892005,-0.28346789166983927
19,30.20408163265306,-0.2507522591495682,-0.4043291771133296,-0.09717534118580681
19,31.02040816326531,-0.2050237572119999,-0.24875777743501887,-0.16128973698898091
19,31.836734693877553,0.07874175914191522,-0.07624881131554273,0.23373232959937318
19,32.6530612244898,0.362439013496616,0.31869589147733796,0.40618213551589405
19,33.46938775510204,0.4087627472643816,0.2537525709039403,0.5637729236248229
19,34.285714285714285,0.4339683787584116,0.39022515251320794,0.47771160500361526
19,35.10204081632653,0.6446497486362015,0.4896395396415738,0.7996599576308292
19,35.91836734693878,0.8614270694935435,0.8176839288490352,0.9051702101380519
19,36.734693877551024,0.9113237196837787,0.756332857286967,1.0663145820805904
19,37.55102040816327,0.9065237396299597,0.862789422912848,0.9502580563470714
19,38.36734693877551,0.9318990468802852,0.778316256444091,1.0854818373164794
19,39.183673469387756,0.9601732211273357,0.9168758146443726,1.003470627610299
19,40.0,0.9670898451796635,0.9233737445372073,1.0108059458221195
20,0.0,-0.017323285028388785,-0.06109464144316247,0.0264480713863849
20,0.8163265306122449,0.13289680355197955,-0.03680390816884771,0.3025975152728068
20,1.6326530612244898,0.3165878382991014,0.2730603774285417,0.3601152991696611
20,2.4489795918367347,0.5036276416937998,0.33746434900504285,0.6697909343825568
20,3.2653061224489797,0.6581751015291245,0.6146776254056754,0.7016725776525736
20,4.081632653061225,0.7254554406097274,0.5609416090884324,0.8899692721310225
20,4.8979591836734695,0.7598211667374171,0.7167584780618897,0.8028838554129444
20,5.714285714285714,0.8079887090244857,0.7649360309880417,0.8510413870609297
20,6.530612244897959,0.9901820924878012,0.8272674693604772,1.1530967156151253
20,7.346938775510204,1.1229495416005122,1.0798972328720524,1.166001850328972
20,8.16326530612245,1.012115810799227,0.9690635027468579,1.055168118851596
20,8.979591836734695,1.0259932309867854,0.8630786902348688,1.188907771738702
20,9.795918367346939,0.9897767301558181,0.9467244221193252,1.032829038192311
20,10.612244897959183,0.7065388385439882,0.6634865305310619,0.7495911465569146
20,11.428571428571429,0.6603907541168856,0.4974762142831174,0.8233052939506539
20,12.244897959183675,0.6689170726975543,0.6258647646890789,0.7119693807060297
20,13.061224489795919,0.5546459328825801,0.511593624442022,0.5976982413231382
20,13.877551020408163,0.3191923729402664,0.15627776101216834,0.4821069848683645
20,14.693877551020408,0.12984824354404417,0.08679556576044595,0.1729009213276424
20,15.510204081632654,0.15394487600131848,0.11088220537229848,0.19700754663033848
20,16.3265306122449,-0.07772001152415162,-0.24223206920156218,0.08679204615325894
20,17.142857142857142,-0.36605001739164156,-0.40954729209946095,-0.32255274268382217
20,17.95918367346939,-0.5234576182651879,-0.6895571482781607,-0.35735808825221504
20,18.775510204081634,-0.6131946384099979,-0.6566919219297966,-0.5696973548901991
20,19.591836734693878,-0.6610978830620838,-0.8256099380737751,-0.49658582805039253
20,20.408163265306122,-0.7361661723095494,-0.7792456211256535,-0.6930867234934452
20,21.224489795918366,-0.9148821316361985,-0.9581155475561762,-0.8716487157162207
20,22.040816326530614,-0.9820171813131547,-1.1955068341762551,-0.7685275284500545
20,22.857142857142858,-0.9926155350196743,-1.2061050945110252,-0.7791259755283234
20,23.6734693877551,-0.9804741828938169,-1.023707243657561,-0.9372411221300729
20,24.48979591836735,-0.9584850206836505,-1.00155413125005,-0.9154159101172509
20,25.306122448979593,-0.9224214036920538,-1.0853359396117144,-0.7595068677723934
20,26.122448979591837,-0.8676265686616674,-0.910678883469584,-0.8245742538537508
20,26.93877551020408,-0.7882025603023807,-0.8312548703157258,-0.7451502502890356
20,27.755102040816325,-0.7864542661220603,-0.949368890630102,-0.6235396416140185
20,28.571428571428573,-0.6959408563638061,-0.7389935344861832,-0.652888178241429
20,29.387755102040817,-0.32498729246896985,-0.3680499661417827,-0.281924618796157
20,30.20408163265306,-0.2499869015669923,-0.4144993951221053,-0.0854744080118793
20,31.02040816326531,-0.20606983134831589,-0.2495672072250826,-0.16257245547154917
20,31.836734693877553,0.07859967591149199,-0.0875240071302895,0.24472335895327346
20,32.6530612244898,0.36342682123031145,0.3199214223434717,0.4069322201171512
20,33.46938775510204,0.4088470592322889,0.24269960903991614,0.5749945094246617
20,34.285714285714285,0.43312133095474925,0.3896158336545058,0.4766268282549927
20,35.10204081632653,0.6444065718184504,0.47825909676393696,0.8105540468729638
20,35.91836734693878,0.8620533659989333,0.8185479523178111,0.9055587796800556
20,36.734693877551024,0.9114764872323486,0.7453524673042582,1.077600507160439
20,37.55102040816327,0.9062882556122095,0.8627906834570267,0.9497858277673923
20,38.36734693877551,0.9316250175948068,0.7671091853959238,1.0961408497936898
20,39.183673469387756,0.960222303005003,0.9171001725213886,1.0033444334886175
20,40.0,0.9670879965496374,0.9236131618050084,1.0105628312942665
21,0.0,-0.017385981705471842,-0.06172191208292029,0.026949948671976608
21,0.8163265306122449,0.1329631127213457,-0.04229271922569949,0.3082189446683909
21,1.6326530612244898,0.3165862483300458,0.272487029649054,0.36068546701103754
21,2.4489795918367347,0.5036118014999121,0.33199885097786425,0.6752247520219601
21,3.2653061224489797,0.6582359631648254,0.6141658199587247,0.702306106370926
21,4.081632653061225,0.7254781273646381,0.5555926471210781,0.8953636076081981
21,4.8979591836734695,0.759839518109812,0.7161934578131418,0.8034855784064822
21,5.714285714285714,0.807837458512905,0.7642012373239012,0.8514736797019088
21,6.530612244897959,0.9902152463256816,0.8220041205767572,1.158426372074606
21,7.346938775510204,1.1232148314847694,1.0795789803210594,1.1668506826484795
21,8.16326530612245,1.0118754903758298,0.9682396399036768,1.0555113408479828
21,8.979591836734695,1.0259635821230397,0.8577525507022334,1.194174613543846
21,9.795918367346939,0.9900863887141768,0.9464505382574209,1.0337222391709326
21,10.612244897959183,0.7062147686821172,0.6625789182468895,0.7498506191173449
21,11.428571428571429,0.660132956393248,0.4919219258594786,0.8283439869270174
21,12.244897959183675,0.6690022319136771,0.6253663814813097,0.7126380823460445
21,13.061224489795919,0.5547268858315154,0.5110910349362813,0.5983627367267496
21,13.877551020408163,0.3189530656491126,0.15074195103010182,0.48716418026812336
21,14.693877551020408,0.12954236738226488,0.08590614643781713,0.17317858832671262
21,15.510204081632654,0.15426422350582433,0.11061818076361175,0.19791026624803693
21,16.3265306122449,-0.07756063758968465,-0.24744426476339818,0.09232298958402888
21,17.142857142857142,-0.3661845632032694,-0.410254502911733,-0.32211462349480585
21,17.95918367346939,-0.5237402774125568,-0.695285758745436,-0.35219479607967763
21,18.775510204081634,-0.6132344763689466,-0.6573044213540242,-0.5691645313838689
21,19.591836734693878,-0.6605440632260244,-0.830426861350056,-0.4906612651019929
21,20.408163265306122,-0.7375578901505048,-0.7811780246570417,-0.6939377556439679
21,21.224489795918366,-0.9085763703378457,-0.9516411218717007,-0.8655116188039906
21,22.040816326530614,-0.8095169451670851,-0.8531268503030299,-0.7659070400311402
21,22.857142857142858,-0.8787876513472218,-1.0469979295839793,-0.7105773731104643
21,23.6734693877551,-0.9773295048848886,-1.0209653594132202,-0.9336936503565568
21,24.48979591836735,-0.9594439867456553,-1.003079835243484,-0.9158081382478267
21,25.306122448979593,-0.9223826985915008,-1.0905937251989475,-0.7541716719840541
21,26.122448979591837,-0.8676855385970996,-0.9113213889370543,-0.824049688257145
21,26.93877551020408,-0.788097668416171,-0.8317335193098818,-0.7444618175224602
21,27.755102040816325,-0.7866735669124757,-0.9548846816058787,-0.6184624522190727
21,28.571428571428573,-0.6963069601169718,-0.7399431811308682,-0.6526707391030754
21,29.387755102040817,-0.32459086357192535,-0.3682369093871113,-0.2809448177567394
21,30.20408163265306,-0.24983671071772726,-0.4197208034479749,-0.07995261798747963
21,31.02040816326531,-0.2063181707719486,-0.2503882138111177,-0.16224812773277952
21,31.836734693877553,0.0785446924280703,-0.09302657430170416,0.2501159591578448
21,32.6530612244898,0.3636529263284466,0.3195750112072372,0.407730841449656
21,33.46938775510204,0.4088425040241903,0.23724600959526276,0.5804389984531179
21,34.285714285714285,0.43292096137286196,0.38884294818995824,0.4769989745557657
21,35.10204081632653,0.644327636380387,0.4727311185377131,0.815924154223061
21,35.91836734693878,0.8621956671904764,0.8181177379349963,0.9062735964459564
21,36.734693877551024,0.9114864604567178,0.7399148394264001,1.0830580814870354
21,37.55102040816327,0.9062309150069151,0.8621606929780553,0.9503011370357749
21,38.36734693877551,0.9315428295043982,0.7616558102769337,1.1014298487318626
21,39.183673469387756,0.9602470547419628,0.9165432410099192,1.0039508684740064
21,40.0,0.9670521963858345,0.9230059735999748,1.011098419171694
